[
  {
    "id": 1,
    "name": {
      "default": "Andhra Pradesh",
      "en": "Andhra Pradesh",
      "hi": "आंध्र प्रदेश"
    }
  },
  {
    "id": 2,
    "name": {
      "default": "Arunachal Pradesh",
      "en": "Arunachal Pradesh",
      "hi": "अरुणाचल प्रदेश"
    }
  },
  {
    "id": 3,
    "name": {
      "default": "Assam",
      "en": "Assam",
      "hi": "असम"
    }
  },
  {
    "id": 4,
    "name": {
      "default": "Bihar",
      "en": "Bihar",
      "hi": "बिहार"
    }
  },
  {
    "id": 5,
    "name": {
      "default": "Chandigarh (UT)",
      "en": "Chandigarh (UT)",
      "hi": "चंडीगढ़"
    }
  },
  {
    "id": 6,
    "name": {
      "default": "Chhattisgarh",
      "en": "Chhattisgarh",
      "hi": "छत्तीसगढ़"
    }
  },
  {
    "id": 7,
    "name": {
      "default": "Dadra and Nagar Haveli (UT)",
      "en": "Dadra and Nagar Haveli (UT)",
      "hi": "दादरा नगर हवेली"
    }
  },
  {
    "id": 8,
    "name": {
      "default": "Daman and Diu (UT)",
      "en": "Daman and Diu (UT)",
      "hi": "दमन और दीव"
    }
  },
  {
    "id": 9,
    "name": {
      "default": "Delhi (NCT)",
      "en": "Delhi (NCT)",
      "hi": "देहली"
    }
  },
  {
    "id": 10,
    "name": {
      "default": "Goa",
      "en": "Goa",
      "hi": "गोवा"
    }
  },
  {
    "id": 11,
    "name": {
      "default": "Gujarat",
      "en": "Gujarat",
      "hi": "गुजरात"
    }
  },
  {
    "id": 12,
    "name": {
      "default": "Haryana",
      "en": "Haryana",
      "hi": "हरियाणा"
    }
  },
  {
    "id": 13,
    "name": {
      "default": "Himachal Pradesh",
      "en": "Himachal Pradesh",
      "hi": "हिमाचल प्रदेश"
    }
  },
  {
    "id": 14,
    "name": {
      "default": "Jammu and Kashmir",
      "en": "Jammu and Kashmir",
      "hi": "जम्मू और कश्मीर"
    }
  },
  {
    "id": 15,
    "name": {
      "default": "Jharkhand",
      "en": "Jharkhand",
      "hi": "झारखण्ड"
    }
  },
  {
    "id": 16,
    "name": {
      "default": "Karnataka",
      "en": "Karnataka",
      "hi": "कर्नाटक"
    }
  },
  {
    "id": 17,
    "name": {
      "default": "Kerala",
      "en": "Kerala",
      "hi": "केरल"
    }
  },
  {
    "id": 18,
    "name": {
      "default": "Lakshadweep (UT)",
      "en": "Lakshadweep (UT)",
      "hi": "लक्षद्वीप"
    }
  },
  {
    "id": 19,
    "name": {
      "default": "Madhya Pradesh",
      "en": "Madhya Pradesh",
      "hi": "मध्य प्रदेश"
    }
  },
  {
    "id": 20,
    "name": {
      "default": "Maharashtra",
      "en": "Maharashtra",
      "hi": "महाराष्ट्र"
    }
  },
  {
    "id": 21,
    "name": {
      "default": "Manipur",
      "en": "Manipur",
      "hi": "मणिपुर"
    }
  },
  {
    "id": 22,
    "name": {
      "default": "Meghalaya",
      "en": "Meghalaya",
      "hi": "मेघालय"
    }
  },
  {
    "id": 23,
    "name": {
      "default": "Mizoram",
      "en": "Mizoram",
      "hi": "मिजोरम"
    }
  },
  {
    "id": 24,
    "name": {
      "default": "Nagaland",
      "en": "Nagaland",
      "hi": "नागालैण्ड"
    }
  },
  {
    "id": 25,
    "name": {
      "default": "Odisha",
      "en": "Odisha",
      "hi": "ओड़िशा"
    }
  },
  {
    "id": 26,
    "name": {
      "default": "Puducherry (UT)",
      "en": "Puducherry (UT)",
      "hi": "पुडुचेरी"
    }
  },
  {
    "id": 27,
    "name": {
      "default": "Punjab",
      "en": "Punjab",
      "hi": "पंजाब"
    }
  },
  {
    "id": 28,
    "name": {
      "default": "Rajasthan",
      "en": "Rajasthan",
      "hi": "राजस्थान"
    }
  },
  {
    "id": 29,
    "name": {
      "default": "Sikkim",
      "en": "Sikkim",
      "hi": "सिक्किम"
    }
  },
  {
    "id": 30,
    "name": {
      "default": "Tamil Nadu",
      "en": "Tamil Nadu",
      "hi": "तमिलनाडु"
    }
  },
  {
    "id": 31,
    "name": {
      "default": "Telangana",
      "en": "Telangana",
      "hi": "तेलंगाना"
    }
  },
  {
    "id": 32,
    "name": {
      "default": "Tripura",
      "en": "Tripura",
      "hi": "त्रिपुरा"
    }
  },
  {
    "id": 33,
    "name": {
      "default": "Uttarakhand",
      "en": "Uttarakhand",
      "hi": "उत्तराखण्ड"
    }
  },
  {
    "id": 34,
    "name": {
      "default": "Uttar Pradesh",
      "en": "Uttar Pradesh",
      "hi": "उत्तर प्रदेश"
    }
  },
  {
    "id": 35,
    "name": {
      "default": "West Bengal",
      "en": "West Bengal",
      "hi": "पश्चिम बंगाल"
    }
  }
]